-- MySQL dump 10.13  Distrib 8.0.12, for osx10.13 (x86_64)
--
-- Host: localhost    Database: task_app_development
-- ------------------------------------------------------
-- Server version	8.0.12

/*!40101 SET @OLD_CHARACTER_SET_CLIENT=@@CHARACTER_SET_CLIENT */;
/*!40101 SET @OLD_CHARACTER_SET_RESULTS=@@CHARACTER_SET_RESULTS */;
/*!40101 SET @OLD_COLLATION_CONNECTION=@@COLLATION_CONNECTION */;
 SET NAMES utf8mb4 ;
/*!40103 SET @OLD_TIME_ZONE=@@TIME_ZONE */;
/*!40103 SET TIME_ZONE='+00:00' */;
/*!40014 SET @OLD_UNIQUE_CHECKS=@@UNIQUE_CHECKS, UNIQUE_CHECKS=0 */;
/*!40014 SET @OLD_FOREIGN_KEY_CHECKS=@@FOREIGN_KEY_CHECKS, FOREIGN_KEY_CHECKS=0 */;
/*!40101 SET @OLD_SQL_MODE=@@SQL_MODE, SQL_MODE='NO_AUTO_VALUE_ON_ZERO' */;
/*!40111 SET @OLD_SQL_NOTES=@@SQL_NOTES, SQL_NOTES=0 */;

--
-- Table structure for table `ar_internal_metadata`
--

DROP TABLE IF EXISTS `ar_internal_metadata`;
/*!40101 SET @saved_cs_client     = @@character_set_client */;
 SET character_set_client = utf8mb4 ;
CREATE TABLE `ar_internal_metadata` (
  `key` varchar(255) NOT NULL,
  `value` varchar(255) DEFAULT NULL,
  `created_at` datetime NOT NULL,
  `updated_at` datetime NOT NULL,
  PRIMARY KEY (`key`)
) ENGINE=InnoDB DEFAULT CHARSET=utf8;
/*!40101 SET character_set_client = @saved_cs_client */;

--
-- Dumping data for table `ar_internal_metadata`
--

LOCK TABLES `ar_internal_metadata` WRITE;
/*!40000 ALTER TABLE `ar_internal_metadata` DISABLE KEYS */;
INSERT INTO `ar_internal_metadata` VALUES ('environment','development','2018-11-02 05:32:28','2018-11-02 05:32:28');
/*!40000 ALTER TABLE `ar_internal_metadata` ENABLE KEYS */;
UNLOCK TABLES;

--
-- Table structure for table `schema_migrations`
--

DROP TABLE IF EXISTS `schema_migrations`;
/*!40101 SET @saved_cs_client     = @@character_set_client */;
 SET character_set_client = utf8mb4 ;
CREATE TABLE `schema_migrations` (
  `version` varchar(255) NOT NULL,
  PRIMARY KEY (`version`)
) ENGINE=InnoDB DEFAULT CHARSET=utf8;
/*!40101 SET character_set_client = @saved_cs_client */;

--
-- Dumping data for table `schema_migrations`
--

LOCK TABLES `schema_migrations` WRITE;
/*!40000 ALTER TABLE `schema_migrations` DISABLE KEYS */;
INSERT INTO `schema_migrations` VALUES ('20181102052906'),('20181104042506'),('20181104092207'),('20181105051034'),('20181105051528'),('20181105052040'),('20181106065414'),('20181106065606'),('20181112050013'),('20181114090730'),('20181114121208'),('20181115043330');
/*!40000 ALTER TABLE `schema_migrations` ENABLE KEYS */;
UNLOCK TABLES;

--
-- Table structure for table `tasks`
--

DROP TABLE IF EXISTS `tasks`;
/*!40101 SET @saved_cs_client     = @@character_set_client */;
 SET character_set_client = utf8mb4 ;
CREATE TABLE `tasks` (
  `id` bigint(20) NOT NULL AUTO_INCREMENT,
  `name` varchar(255) NOT NULL,
  `content` text,
  `deadline_at` datetime DEFAULT NULL,
  `created_at` datetime NOT NULL,
  `updated_at` datetime NOT NULL,
  `user_id` bigint(20) DEFAULT NULL,
  `current_task_id` int(11) DEFAULT '1',
  PRIMARY KEY (`id`),
  KEY `index_tasks_on_user_id` (`user_id`),
  CONSTRAINT `fk_rails_4d2a9e4d7e` FOREIGN KEY (`user_id`) REFERENCES `users` (`id`)
) ENGINE=InnoDB AUTO_INCREMENT=44 DEFAULT CHARSET=utf8;
/*!40101 SET character_set_client = @saved_cs_client */;

--
-- Dumping data for table `tasks`
--

LOCK TABLES `tasks` WRITE;
/*!40000 ALTER TABLE `tasks` DISABLE KEYS */;
INSERT INTO `tasks` VALUES (29,'睡眠用イヤホン買いたいなあ','睡眠しよう',NULL,'2018-11-05 13:10:00','2018-11-05 13:10:00',NULL,NULL),(30,'でも高い','なんであんなに高いのだ',NULL,'2018-11-05 13:10:12','2018-11-05 13:10:12',NULL,NULL),(31,'洗濯なう','洗濯早く終われー',NULL,'2018-11-05 13:10:24','2018-11-05 13:10:24',NULL,NULL),(32,'こば','こば',NULL,'2018-11-14 21:10:11','2018-11-14 21:10:11',NULL,NULL),(33,'potetoakira',NULL,NULL,'2018-11-14 21:14:56','2018-11-14 21:14:56',23,NULL),(34,'テスト','',NULL,'2018-11-14 21:46:20','2018-11-14 21:46:20',23,NULL),(35,'a','a',NULL,'2018-11-15 11:49:09','2018-11-15 11:49:09',23,NULL),(36,'あいみょん ','',NULL,'2018-11-15 12:23:03','2018-11-15 12:23:03',20,NULL),(37,'何でやねん','\r\n\r\n',NULL,'2018-11-15 12:23:58','2018-11-15 12:23:58',20,NULL),(38,'tesuto','',NULL,'2018-11-15 13:43:44','2018-11-15 13:59:54',23,4),(39,'テスト','',NULL,'2018-11-15 13:52:09','2018-11-15 13:57:19',23,0),(40,'テスト','',NULL,'2018-11-15 14:01:25','2018-11-15 14:01:27',23,0),(41,'test','',NULL,'2018-11-15 14:03:29','2018-11-15 14:05:56',23,0),(42,'rest','',NULL,'2018-11-15 14:07:42','2018-11-15 14:07:44',23,0),(43,'test','',NULL,'2018-11-15 14:07:57','2018-11-15 14:09:55',23,3);
/*!40000 ALTER TABLE `tasks` ENABLE KEYS */;
UNLOCK TABLES;
/*!50003 SET @saved_cs_client      = @@character_set_client */ ;
/*!50003 SET @saved_cs_results     = @@character_set_results */ ;
/*!50003 SET @saved_col_connection = @@collation_connection */ ;
/*!50003 SET character_set_client  = utf8 */ ;
/*!50003 SET character_set_results = utf8 */ ;
/*!50003 SET collation_connection  = utf8_general_ci */ ;
/*!50003 SET @saved_sql_mode       = @@sql_mode */ ;
/*!50003 SET sql_mode              = 'ONLY_FULL_GROUP_BY,STRICT_TRANS_TABLES,NO_ZERO_IN_DATE,NO_ZERO_DATE,ERROR_FOR_DIVISION_BY_ZERO,NO_ENGINE_SUBSTITUTION' */ ;
DELIMITER ;;
/*!50003 CREATE*/ /*!50017 DEFINER=`root`@`localhost`*/ /*!50003 TRIGGER `tr1` BEFORE DELETE ON `tasks` FOR EACH ROW begin
insert into tasks_empty values(old.id,old.name,old.content,old.deadline_at,old.created_at,old.updated_at);
end */;;
DELIMITER ;
/*!50003 SET sql_mode              = @saved_sql_mode */ ;
/*!50003 SET character_set_client  = @saved_cs_client */ ;
/*!50003 SET character_set_results = @saved_cs_results */ ;
/*!50003 SET collation_connection  = @saved_col_connection */ ;

--
-- Table structure for table `tasks_empty`
--

DROP TABLE IF EXISTS `tasks_empty`;
/*!40101 SET @saved_cs_client     = @@character_set_client */;
 SET character_set_client = utf8mb4 ;
CREATE TABLE `tasks_empty` (
  `id` bigint(20) NOT NULL AUTO_INCREMENT,
  `name` varchar(255) NOT NULL,
  `content` text,
  `deadline_at` datetime DEFAULT NULL,
  `created_at` datetime NOT NULL,
  `updated_at` datetime NOT NULL,
  `note` varchar(100) DEFAULT NULL,
  PRIMARY KEY (`id`)
) ENGINE=InnoDB DEFAULT CHARSET=utf8;
/*!40101 SET character_set_client = @saved_cs_client */;

--
-- Dumping data for table `tasks_empty`
--

LOCK TABLES `tasks_empty` WRITE;
/*!40000 ALTER TABLE `tasks_empty` DISABLE KEYS */;
/*!40000 ALTER TABLE `tasks_empty` ENABLE KEYS */;
UNLOCK TABLES;

--
-- Table structure for table `users`
--

DROP TABLE IF EXISTS `users`;
/*!40101 SET @saved_cs_client     = @@character_set_client */;
 SET character_set_client = utf8mb4 ;
CREATE TABLE `users` (
  `id` bigint(20) NOT NULL AUTO_INCREMENT,
  `username` varchar(255) NOT NULL,
  `created_at` datetime NOT NULL,
  `updated_at` datetime NOT NULL,
  `password_digest` varchar(255) NOT NULL,
  `remember_digest` varchar(255) DEFAULT NULL,
  `admin` tinyint(1) DEFAULT '0',
  PRIMARY KEY (`id`)
) ENGINE=InnoDB AUTO_INCREMENT=24 DEFAULT CHARSET=utf8;
/*!40101 SET character_set_client = @saved_cs_client */;

--
-- Dumping data for table `users`
--

LOCK TABLES `users` WRITE;
/*!40000 ALTER TABLE `users` DISABLE KEYS */;
INSERT INTO `users` VALUES (20,'aki','2018-11-12 15:02:10','2018-11-14 18:21:37','$2a$10$xnlraJ3j0dwgtmViSHCGG.1Z1kLON/bOsDfLruX66ymAb4y.Ji1yO',NULL,1),(21,'koba','2018-11-13 21:31:37','2018-11-14 17:21:58','$2a$10$4gKEhAAg1q4ZD/p6YSrqmO/rvdpNufpePeln8cGa5nUaQXs1T/szi',NULL,0),(23,'potetoakira','2018-11-14 18:25:41','2018-11-15 12:09:30','$2a$10$beH8amoWJWJNWq3hkGX/oev6JUFRB5onNdEK/t9vlcsk/FVQk0HNG',NULL,1);
/*!40000 ALTER TABLE `users` ENABLE KEYS */;
UNLOCK TABLES;
/*!40103 SET TIME_ZONE=@OLD_TIME_ZONE */;

/*!40101 SET SQL_MODE=@OLD_SQL_MODE */;
/*!40014 SET FOREIGN_KEY_CHECKS=@OLD_FOREIGN_KEY_CHECKS */;
/*!40014 SET UNIQUE_CHECKS=@OLD_UNIQUE_CHECKS */;
/*!40101 SET CHARACTER_SET_CLIENT=@OLD_CHARACTER_SET_CLIENT */;
/*!40101 SET CHARACTER_SET_RESULTS=@OLD_CHARACTER_SET_RESULTS */;
/*!40101 SET COLLATION_CONNECTION=@OLD_COLLATION_CONNECTION */;
/*!40111 SET SQL_NOTES=@OLD_SQL_NOTES */;

-- Dump completed on 2018-11-20 16:02:45
